condition_id,question,match_start_time,trade_csv,status,window_trade_count,favorite_team_t_minus_30m,favorite_price_t_minus_30m,favorite_price_time_t_minus_30m,favorite_price_distance_sec_t_minus_30m,favorite_team_t_0,favorite_price_t_0,favorite_price_time_t_0,favorite_price_distance_sec_t_0,favorite_team_t_plus_30m,favorite_price_t_plus_30m,favorite_price_time_t_plus_30m,favorite_price_distance_sec_t_plus_30m
0x3067d9b79762eba9d0636bb2b46072a91dc40ee1422bdb97a83b6f7971558a7c,LoL: Weibo Gaming vs Invictus Gaming (BO3),2026-01-14T09:00:00+00:00,/Users/angus/Desktop/polymarket_lol/data/lol-wb-ig1-2026-01-14/lol-wb-ig1-2026-01-14_trades_subgraph.csv,ok,6922,Invictus Gaming,0.530000001786,2026-01-14T05:02:58+00:00,178,Invictus Gaming,0.5499999999999999,2026-01-14T08:59:54+00:00,6,Weibo Gaming,0.999,2026-01-14T12:57:10+00:00,170
0xa72431a867341143e335ff3e5560d96359392a02822839daaafb89fd63222355,LoL: Top Esports vs JD Gaming (BO3),2026-01-14T11:00:00+00:00,/Users/angus/Desktop/polymarket_lol/data/lol-tes-jdg-2026-01-14/lol-tes-jdg-2026-01-14_trades_subgraph.csv,ok,2634,JD Gaming,0.6,2026-01-14T07:09:50+00:00,590,JD Gaming,0.5,2026-01-14T11:00:14+00:00,14,JD Gaming,0.999,2026-01-14T14:56:08+00:00,232
0xf3c8307ce5acc0186d9c0d39f5aa9ca587caf56d388dacd976b843eb7158dc22,LoL: LGD Gaming vs Ultra Prime (BO3),2026-01-15T07:00:00+00:00,/Users/angus/Desktop/polymarket_lol/data/lol-lgd-up-2026-01-15/lol-lgd-up-2026-01-15_trades_subgraph.csv,ok,1773,LGD Gaming,0.6799999999999999,2026-01-15T03:02:14+00:00,134,LGD Gaming,0.6899999917199967,2026-01-15T07:00:58+00:00,58,LGD Gaming,0.999,2026-01-15T10:56:16+00:00,224
0x515704da9255eda729f4e6b8a9cbb763c44af1b5f9727354d2b3ea38d6e89753,LoL: Invictus Gaming vs Anyone's Legend (BO3),2026-01-15T09:00:00+00:00,/Users/angus/Desktop/polymarket_lol/data/lol-ig1-al-2026-01-15/lol-ig1-al-2026-01-15_trades_subgraph.csv,ok,2248,Anyone's Legend,0.71,2026-01-15T05:01:12+00:00,72,Anyone's Legend,0.7,2026-01-15T08:59:58+00:00,2,Anyone's Legend,0.9990000000000001,2026-01-15T12:55:14+00:00,286
0xf0f6f25c4b99a8b8fca066c574043ecf4ad13a7c228198ae847e278c979328dc,LoL: Weibo Gaming vs Bilibili Gaming (BO3),2026-01-15T11:00:00+00:00,/Users/angus/Desktop/polymarket_lol/data/lol-wb-blg-2026-01-15/lol-wb-blg-2026-01-15_trades_subgraph.csv,ok,7975,Bilibili Gaming,0.7099999701799893,2026-01-15T07:13:40+00:00,820,Bilibili Gaming,0.71,2026-01-15T10:59:54+00:00,6,Bilibili Gaming,0.999,2026-01-15T14:59:00+00:00,60
0x7d45f1fab069ea98c43ac915aa977e3e0b0618cc6a8ea32ea1ffa49d9549a18d,LoL: LNG Esports vs Oh My God (BO3),2026-01-16T09:00:00+00:00,/Users/angus/Desktop/polymarket_lol/data/lol-lng-omg-2026-01-16/lol-lng-omg-2026-01-16_trades_subgraph.csv,ok,1157,LNG Esports,0.64,2026-01-16T05:09:26+00:00,566,LNG Esports,0.64,2026-01-16T08:59:10+00:00,50,LNG Esports,0.9990000000000001,2026-01-16T12:55:12+00:00,288
0x64b093fe69947b3b6eceaf636821d77dfad8d599c96ad2f733a70b6948bd37b1,LoL: LNG Esports vs Ultra Prime (BO3),2026-01-16T09:00:00+00:00,/Users/angus/Desktop/polymarket_lol/data/lol-lng-up-2026-01-16/lol-lng-up-2026-01-16_trades_subgraph.csv,ok,436,LNG Esports,0.6075514539532556,2026-01-16T05:08:44+00:00,524,LNG Esports,0.54,2026-01-16T09:01:04+00:00,64,LNG Esports,0.6492125250441049,2026-01-16T12:56:54+00:00,186
0x64485e483256fa3749e54c8e4b02ed789d405b5c0f289a54215b335965c4826a,LoL: Team WE vs EDward Gaming (BO3),2026-01-16T11:00:00+00:00,/Users/angus/Desktop/polymarket_lol/data/lol-we-edg-2026-01-16/lol-we-edg-2026-01-16_trades_subgraph.csv,ok,2986,EDward Gaming,0.6999999929999995,2026-01-16T07:06:30+00:00,390,EDward Gaming,0.73,2026-01-16T11:00:14+00:00,14,Team WE,0.9989999999999999,2026-01-16T14:56:20+00:00,220
0x49e3318bb496853d0b5b83a3d7c445c845213b8176041ae94d2998ca7c12e3c5,LoL: Bilibili Gaming vs Anyone's Legend (BO3),2026-01-17T09:00:00+00:00,/Users/angus/Desktop/polymarket_lol/data/lol-blg-al-2026-01-17/lol-blg-al-2026-01-17_trades_subgraph.csv,ok,8213,Anyone's Legend,0.5699998232997014,2026-01-17T05:01:02+00:00,62,Anyone's Legend,0.5700000000000001,2026-01-17T08:59:46+00:00,14,Bilibili Gaming,0.999,2026-01-17T12:58:52+00:00,68
0x67ed3a23437c3a159100d8bbc4ea778f5b408b4bfa394529b39886b3ed6517fb,LoL: JD Gaming vs Invictus Gaming (BO3),2026-01-17T11:00:00+00:00,/Users/angus/Desktop/polymarket_lol/data/lol-jdg-ig1-2026-01-17/lol-jdg-ig1-2026-01-17_trades_subgraph.csv,ok,6380,JD Gaming,0.6199999689999861,2026-01-17T07:04:34+00:00,274,JD Gaming,0.64,2026-01-17T11:00:44+00:00,44,Invictus Gaming,0.999,2026-01-17T14:59:42+00:00,18
0x642754f94b38012891b75631efe84557501c444456917fbbe856441ff8257145,LoL: Top Esports vs Bilibili Gaming (BO3),2026-01-18T09:00:00+00:00,/Users/angus/Desktop/polymarket_lol/data/lol-tes-blg-2026-01-18/lol-tes-blg-2026-01-18_trades_subgraph.csv,ok,1784,Bilibili Gaming,0.8400000000000001,2026-01-18T05:00:28+00:00,28,Bilibili Gaming,0.84,2026-01-18T09:00:24+00:00,24,Bilibili Gaming,0.9990000000000001,2026-01-18T12:55:04+00:00,296
0x84758bb59a632c79f543672201ec79fbc8f456ca8b01225c442e39f5e0da19e1,LoL: Anyone's Legend vs JD Gaming (BO3),2026-01-18T11:00:00+00:00,/Users/angus/Desktop/polymarket_lol/data/lol-al-jdg-2026-01-18/lol-al-jdg-2026-01-18_trades_subgraph.csv,ok,9897,Anyone's Legend,0.6599999841599988,2026-01-18T07:08:18+00:00,498,Anyone's Legend,0.7100000000000001,2026-01-18T11:00:36+00:00,36,JD Gaming,0.999,2026-01-18T14:59:38+00:00,22
0x059ded3c6a630210cf80c5ae38d36464ca4af4bed5c985912a46f75b29919a8e,LoL: ThunderTalk Gaming vs Team WE (BO3),2026-01-19T07:00:00+00:00,/Users/angus/Desktop/polymarket_lol/data/lol-tt-we-2026-01-19/lol-tt-we-2026-01-19_trades_subgraph.csv,ok,1957,Team WE,0.75,2026-01-19T03:16:52+00:00,1012,Team WE,0.75,2026-01-19T07:00:18+00:00,18,Team WE,0.999,2026-01-19T10:46:22+00:00,818
0x8ddd2603dea6b685da27b5064de4a7b4cd2f01900ddbdb728b638a7390c08a1e,LoL: Top Esports vs Weibo Gaming (BO3),2026-01-19T09:00:00+00:00,/Users/angus/Desktop/polymarket_lol/data/lol-tes-wb-2026-01-19/lol-tes-wb-2026-01-19_trades_subgraph.csv,ok,7041,Weibo Gaming,0.7500000000000001,2026-01-19T05:05:42+00:00,342,Weibo Gaming,0.78,2026-01-19T08:59:58+00:00,2,Top Esports,0.999,2026-01-19T12:57:56+00:00,124
0xac396f43adf4f1e5f6bf7273f18115a3f4405a5b24d6df95271154045eda7aab,LoL: EDward Gaming vs Ninjas in Pyjamas (BO3),2026-01-19T11:00:00+00:00,/Users/angus/Desktop/polymarket_lol/data/lol-edg-nip-2026-01-19/lol-edg-nip-2026-01-19_trades_subgraph.csv,ok,8539,EDward Gaming,0.66,2026-01-19T07:02:42+00:00,162,EDward Gaming,0.62,2026-01-19T11:00:30+00:00,30,Ninjas in Pyjamas,0.999,2026-01-19T14:59:44+00:00,16
0xb6e1b60a428a1b0ec3abc8aeba8bb98a46e4aa890d575ed29888466b9ee70abb,LoL: Anyone's Legend vs Weibo Gaming (BO3),2026-01-20T09:00:00+00:00,/Users/angus/Desktop/polymarket_lol/data/lol-al-wb-2026-01-20/lol-al-wb-2026-01-20_trades_subgraph.csv,ok,2403,Anyone's Legend,0.6899999585999611,2026-01-20T05:05:36+00:00,336,Anyone's Legend,0.71,2026-01-20T09:00:10+00:00,10,Anyone's Legend,0.999,2026-01-20T12:53:52+00:00,368
0xf56493af8b1437d65582e84a16bad3feb8d266aba222c5f870f99c35ae7ac423,LoL: Invictus Gaming vs Bilibili Gaming (BO3),2026-01-20T11:00:00+00:00,/Users/angus/Desktop/polymarket_lol/data/lol-ig1-blg-2026-01-20/lol-ig1-blg-2026-01-20_trades_subgraph.csv,ok,3202,Bilibili Gaming,0.77,2026-01-20T07:06:30+00:00,390,Bilibili Gaming,0.75,2026-01-20T10:59:50+00:00,10,Bilibili Gaming,0.999,2026-01-20T14:55:52+00:00,248
0x5e35f6ddb459f6dd3526b5d9f1db9c746a8e86ec14f77c03040f45c4c9097e38,LoL: LNG Esports vs LGD Gaming (BO3) - LPL Group Nirvana,2026-01-21T09:00:00+00:00,/Users/angus/Desktop/polymarket_lol/data/lol-lng-lgd-2026-01-21/lol-lng-lgd-2026-01-21_trades_subgraph.csv,ok,7404,LNG Esports,0.6599999295999606,2026-01-21T05:02:20+00:00,140,LNG Esports,0.68,2026-01-21T08:59:22+00:00,38,LNG Esports,0.999,2026-01-21T12:59:50+00:00,10
0x2639448e4976764b60ecd0238ebaacb373f587d5e33c05da29298154f14a3806,LoL: Invictus Gaming vs Top Esports (BO3) - LPL Group Ascend,2026-01-21T11:00:00+00:00,/Users/angus/Desktop/polymarket_lol/data/lol-ig1-tes-2026-01-21/lol-ig1-tes-2026-01-21_trades_subgraph.csv,ok,7538,Invictus Gaming,0.6400000540000054,2026-01-21T07:00:28+00:00,28,Invictus Gaming,0.64,2026-01-21T10:59:24+00:00,36,Invictus Gaming,0.87,2026-01-21T15:00:00+00:00,0
0x2df178a0a7290f25db8f4ecd5fc3b93a0e9e34a01f142c96a88f174891c098ee,LoL: Oh My God vs Ultra Prime (BO3) - LPL Group Nirvana,2026-01-22T07:00:00+00:00,/Users/angus/Desktop/polymarket_lol/data/lol-omg-up-2026-01-22/lol-omg-up-2026-01-22_trades_subgraph.csv,ok,3288,Oh My God,0.6499999945833332,2026-01-22T03:01:54+00:00,114,Oh My God,0.6699999999999999,2026-01-22T06:59:58+00:00,2,Ultra Prime,0.999,2026-01-22T10:43:30+00:00,990
0x2651a56b9898a104ea33f758ef77d95e74a2c62c7afb2abe5a5e40d76367da98,LoL: ThunderTalk Gaming vs EDward Gaming (BO3) - LPL Group Perseverance,2026-01-22T09:00:00+00:00,/Users/angus/Desktop/polymarket_lol/data/lol-tt-edg-2026-01-22/lol-tt-edg-2026-01-22_trades_subgraph.csv,ok,1804,EDward Gaming,0.77,2026-01-22T05:02:16+00:00,136,EDward Gaming,0.7799999989599999,2026-01-22T08:59:56+00:00,4,EDward Gaming,0.999,2026-01-22T12:28:04+00:00,1916
0x53454b6889bb43ca02b39418aa704d8f370d5e249557a844509f9b53aa43cf9b,LoL: Team WE vs Ninjas in Pyjamas (BO3) - LPL Group Perseverance,2026-01-22T11:00:00+00:00,/Users/angus/Desktop/polymarket_lol/data/lol-we-nip-2026-01-22/lol-we-nip-2026-01-22_trades_subgraph.csv,ok,7515,Team WE,0.61,2026-01-22T07:00:20+00:00,20,Team WE,0.56,2026-01-22T10:59:40+00:00,20,Ninjas in Pyjamas,0.999,2026-01-22T14:59:34+00:00,26
0xf67e7136045738cddce2cc151c7f140c42a4c8cb9418daf5591a9cca624a2235,LoL: Oh My God vs LGD Gaming (BO3) - LPL Group Nirvana,2026-01-23T07:00:00+00:00,/Users/angus/Desktop/polymarket_lol/data/lol-omg-lgd-2026-01-23/lol-omg-lgd-2026-01-23_trades_subgraph.csv,ok,11078,LGD Gaming,0.6499999998379052,2026-01-23T03:01:22+00:00,82,LGD Gaming,0.62,2026-01-23T06:59:54+00:00,6,Oh My God,0.9990000000000001,2026-01-23T10:55:14+00:00,286
0x9bbc0168bb9a88e3690e1b978249691fb070fc45fbe8cac8b0a1d957240e58d4,LoL: EDward Gaming vs ThunderTalk Gaming (BO3) - LPL Group Perseverance,2026-01-23T09:00:00+00:00,/Users/angus/Desktop/polymarket_lol/data/lol-edg-tt-2026-01-23/lol-edg-tt-2026-01-23_trades_subgraph.csv,ok,5908,EDward Gaming,0.8199999835999839,2026-01-23T05:02:16+00:00,136,EDward Gaming,0.8200000000000001,2026-01-23T09:00:28+00:00,28,EDward Gaming,0.9989999999999999,2026-01-23T12:59:32+00:00,28
0xb0f0551126b7918a6cef68612dd87baa6ae9a16a45e88f15ba2921339c00c51c,LoL: JD Gaming vs Bilibili Gaming (BO3) - LPL Group Ascend,2026-01-23T11:00:00+00:00,/Users/angus/Desktop/polymarket_lol/data/lol-jdg-blg-2026-01-23/lol-jdg-blg-2026-01-23_trades_subgraph.csv,ok,4440,Bilibili Gaming,0.6600000367200034,2026-01-23T07:02:02+00:00,122,Bilibili Gaming,0.68,2026-01-23T11:00:12+00:00,12,Bilibili Gaming,0.5840832993058391,2026-01-23T15:00:00+00:00,0
0x67380827288e5007453855c611af240d21c479dfbd0220c4ad7e645b83bf42ed,LoL: Top Esports vs Anyone's Legend (BO3) - LPL Group Ascend,2026-01-24T09:00:00+00:00,/Users/angus/Desktop/polymarket_lol/data/lol-tes-al-2026-01-24/lol-tes-al-2026-01-24_trades_subgraph.csv,ok,5886,Anyone's Legend,0.81,2026-01-24T05:00:24+00:00,24,Anyone's Legend,0.8100001216000436,2026-01-24T08:59:32+00:00,28,Anyone's Legend,0.999,2026-01-24T12:58:18+00:00,102
0xb7bec2a4d7e37c8417e301bb594acad81e887ed16e655cd5a52f58baf1236661,LoL: Weibo Gaming vs JD Gaming (BO3) - LPL Group Ascend,2026-01-24T11:00:00+00:00,/Users/angus/Desktop/polymarket_lol/data/lol-wb-jdg-2026-01-24/lol-wb-jdg-2026-01-24_trades_subgraph.csv,ok,3325,JD Gaming,0.65,2026-01-24T07:03:40+00:00,220,JD Gaming,0.6699999986041666,2026-01-24T11:00:10+00:00,10,Weibo Gaming,0.9990000000000001,2026-01-24T14:50:32+00:00,568
0xbb328a5db86a5f90f65ec6f87f8017f249cfb81f6fd57d1d68ea1c9f5990f8cd,LoL: Ninjas in Pyjamas vs Team WE (BO3) - LPL Group Perseverance,2026-01-25T09:00:00+00:00,/Users/angus/Desktop/polymarket_lol/data/lol-nip-we-2026-01-25/lol-nip-we-2026-01-25_trades_subgraph.csv,ok,7257,Ninjas in Pyjamas,0.52,2026-01-25T05:07:46+00:00,466,Ninjas in Pyjamas,0.5299999907249989,2026-01-25T08:59:22+00:00,38,Team WE,0.999,2026-01-25T12:59:56+00:00,4
0x9653e8c6a4a829860d31f1618a01baae36b9d288add968cf8dc07d65a7cc48bd,LoL: Top Esports vs Invictus Gaming (BO3) - LPL Group Ascend,2026-01-25T11:00:00+00:00,/Users/angus/Desktop/polymarket_lol/data/lol-tes-ig1-2026-01-25/lol-tes-ig1-2026-01-25_trades_subgraph.csv,ok,3528,Invictus Gaming,0.55,2026-01-25T07:02:08+00:00,128,Invictus Gaming,0.580000037800006,2026-01-25T10:59:50+00:00,10,Top Esports,0.9990000000000001,2026-01-25T14:59:46+00:00,14
0x02a5a3a8d5b24c22dc34909fb3be332c3821d56448d5bb0ac9fa51b0ecc80e86,LoL: Team WE vs ThunderTalk Gaming (BO3) - LPL Group Perseverance,2026-01-26T09:00:00+00:00,/Users/angus/Desktop/polymarket_lol/data/lol-we-tt-2026-01-26/lol-we-tt-2026-01-26_trades_subgraph.csv,ok,2449,Team WE,0.8299999948471815,2026-01-26T05:03:48+00:00,228,Team WE,0.7900000024283388,2026-01-26T08:59:43+00:00,17,Team WE,0.999,2026-01-26T12:45:07+00:00,893
0x001c353c244069dd4cec7256cffa9fc72b8b2a2bd81e11f314915952383b797c,LoL: Bilibili Gaming vs JD Gaming (BO3) - LPL Group Ascend,2026-01-26T11:00:00+00:00,/Users/angus/Desktop/polymarket_lol/data/lol-blg-jdg-2026-01-26/lol-blg-jdg-2026-01-26_trades_subgraph.csv,ok,11794,Bilibili Gaming,0.64,2026-01-26T07:01:58+00:00,118,Bilibili Gaming,0.660000170000085,2026-01-26T10:59:51+00:00,9,JD Gaming,0.9989999999999999,2026-01-26T14:58:05+00:00,115
0x225a00e0c8cc3f73199f7e585538c64b815c9dfd805d23373bafd082a1d9fa54,LoL: Ultra Prime vs LNG Esports (BO3) - LPL Group Nirvana,2026-01-27T07:00:00+00:00,/Users/angus/Desktop/polymarket_lol/data/lol-up-lng-2026-01-27/lol-up-lng-2026-01-27_trades_subgraph.csv,ok,2356,LNG Esports,0.78,2026-01-27T03:10:05+00:00,605,LNG Esports,0.7799999894594489,2026-01-27T06:59:35+00:00,25,LNG Esports,0.999,2026-01-27T10:43:33+00:00,987
0x2824d8987f84105b7103f7720c9080bfef1d52a8eea28bc80f5a872a7281b0ac,LoL: Weibo Gaming vs Top Esports (BO3) - LPL Group Ascend,2026-01-27T09:00:00+00:00,/Users/angus/Desktop/polymarket_lol/data/lol-wb-tes-2026-01-27/lol-wb-tes-2026-01-27_trades_subgraph.csv,ok,8691,Weibo Gaming,0.5700001720001031,2026-01-27T05:00:41+00:00,41,Weibo Gaming,0.6099999982244876,2026-01-27T09:00:03+00:00,3,Weibo Gaming,0.9989999999999999,2026-01-27T12:58:55+00:00,65
0xfbe6fb7c4fd16d7482ea90b7d0d1d7b19bb5e4a712509793e8c2df6bc3693870,LoL: Anyone's Legend vs Invictus Gaming (BO3) - LPL Group Ascend,2026-01-27T11:00:00+00:00,/Users/angus/Desktop/polymarket_lol/data/lol-al-ig1-2026-01-27/lol-al-ig1-2026-01-27_trades_subgraph.csv,ok,10122,Anyone's Legend,0.73,2026-01-27T07:00:49+00:00,49,Anyone's Legend,0.7599999594666418,2026-01-27T10:59:15+00:00,45,Anyone's Legend,0.999,2026-01-27T14:59:35+00:00,25
0xa24b4a6e3bf0184441a689120b634df35122ec89ff93f9e7126e35fe74e7fb71,LoL: Ultra Prime vs LGD Gaming (BO3) - LPL Group Nirvana,2026-01-28T07:00:00+00:00,/Users/angus/Desktop/polymarket_lol/data/lol-up-lgd-2026-01-28/lol-up-lgd-2026-01-28_trades_subgraph.csv,ok,9650,LGD Gaming,0.7000000000000001,2026-01-28T03:10:35+00:00,635,LGD Gaming,0.7,2026-01-28T06:59:59+00:00,1,LGD Gaming,0.9989999999999999,2026-01-28T10:58:45+00:00,75
0x4d826675a4278009411fa817ac86a6ab67fa358d29647375943425a600c107f6,LoL: Oh My God vs LNG Esports (BO3) - LPL Group Nirvana,2026-01-28T09:00:00+00:00,/Users/angus/Desktop/polymarket_lol/data/lol-omg-lng-2026-01-28/lol-omg-lng-2026-01-28_trades_subgraph.csv,ok,2239,LNG Esports,0.74,2026-01-28T05:00:25+00:00,25,LNG Esports,0.7499999999999999,2026-01-28T09:00:01+00:00,1,LNG Esports,0.999,2026-01-28T12:52:19+00:00,461
0xacb11459153244cd8f2d75723b534bd2560c5cd01ce88622b501f461aba85b65,LoL: Ninjas in Pyjamas vs EDward Gaming (BO3) - LPL Group Perseverance,2026-01-28T11:00:00+00:00,/Users/angus/Desktop/polymarket_lol/data/lol-nip-edg-2026-01-28/lol-nip-edg-2026-01-28_trades_subgraph.csv,ok,10068,EDward Gaming,0.56,2026-01-28T07:01:07+00:00,67,EDward Gaming,0.57,2026-01-28T11:00:13+00:00,13,EDward Gaming,0.999,2026-01-28T14:59:47+00:00,13
0xfaba55442a17a201a46f7ac19fd9394364f04959cdebfa420bc0c5ab2da00f59,LoL: ThunderTalk Gaming vs Ninjas in Pyjamas (BO3) - LPL Group Perseverance,2026-01-29T09:10:00+00:00,/Users/angus/Desktop/polymarket_lol/data/lol-tt-nip-2026-01-29/lol-tt-nip-2026-01-29_trades_subgraph.csv,ok,1175,Ninjas in Pyjamas,0.84,2026-01-29T05:15:14+00:00,314,Ninjas in Pyjamas,0.83,2026-01-29T09:09:54+00:00,6,Ninjas in Pyjamas,0.9990000000000001,2026-01-29T13:06:50+00:00,190
0x925d165d0e799b100fbda20c9417e668901c14458405fb43a1ea8114f40ac3be,LoL: JD Gaming vs Weibo Gaming (BO3) - LPL Group Ascend,2026-01-29T11:00:00+00:00,/Users/angus/Desktop/polymarket_lol/data/lol-jdg-wb-2026-01-29/lol-jdg-wb-2026-01-29_trades_subgraph.csv,ok,13507,JD Gaming,0.62,2026-01-29T07:00:10+00:00,10,JD Gaming,0.6,2026-01-29T11:00:00+00:00,0,Weibo Gaming,0.999,2026-01-29T14:58:22+00:00,98
0xcd19a2fb8aa4c8849a8d6294d1b1cabba3f4bd5465de3c2c467ed067268f92da,LoL: Ultra Prime vs Oh My God (BO3) - LPL Group Nirvana,2026-01-30T09:00:00+00:00,/Users/angus/Desktop/polymarket_lol/data/lol-up-omg-2026-01-30/lol-up-omg-2026-01-30_trades_subgraph.csv,ok,1881,Oh My God,0.5099999993574756,2026-01-30T05:04:10+00:00,250,Oh My God,0.5199999999999999,2026-01-30T08:59:46+00:00,14,Oh My God,0.999,2026-01-30T12:54:54+00:00,306
0x3444b50663c8dadbf49cad7eaceceb7d7cd4bfd6ca989987d70bf59f2cd38268,LoL: Bilibili Gaming vs Top Esports (BO3) - LPL Group Ascend,2026-01-30T11:00:00+00:00,/Users/angus/Desktop/polymarket_lol/data/lol-blg-tes-2026-01-30/lol-blg-tes-2026-01-30_trades_subgraph.csv,ok,7496,Bilibili Gaming,0.7599999995946666,2026-01-30T07:02:00+00:00,120,Bilibili Gaming,0.7799999865185153,2026-01-30T11:00:20+00:00,20,Top Esports,0.999,2026-01-30T14:59:28+00:00,32
0x9283fdae8987c397936efccd9bf11a7bc085524721ce4aff9da79e480d432d3c,LoL: JD Gaming vs Anyone's Legend (BO3) - LPL Group Ascend,2026-01-31T09:00:00+00:00,/Users/angus/Desktop/polymarket_lol/data/lol-jdg-al-2026-01-31/lol-jdg-al-2026-01-31_trades_subgraph.csv,ok,8468,Anyone's Legend,0.5599999999999999,2026-01-31T05:09:02+00:00,542,Anyone's Legend,0.57,2026-01-31T09:00:22+00:00,22,Anyone's Legend,0.9990000000000001,2026-01-31T12:59:48+00:00,12
0xa3b63e4f9dc4888bb2f8e623f5812de7a2405aaae06ea7d13d884795fcbe7f59,LoL: Bilibili Gaming vs Invictus Gaming (BO3) - LPL Group Ascend,2026-01-31T12:15:00+00:00,/Users/angus/Desktop/polymarket_lol/data/lol-blg-ig1-2026-01-31/lol-blg-ig1-2026-01-31_trades_subgraph.csv,ok,2883,Bilibili Gaming,0.73,2026-01-31T08:23:04+00:00,484,Bilibili Gaming,0.73,2026-01-31T12:14:48+00:00,12,Bilibili Gaming,0.9989999999999999,2026-01-31T16:11:10+00:00,230
0xb6ebfba390109e51afdd522ef7e0cb6c07e323e4f2d8ea99efe7520289acd1ba,LoL: LGD Gaming vs LNG Esports (BO3) - LPL Group Nirvana,2026-02-01T09:00:00+00:00,/Users/angus/Desktop/polymarket_lol/data/lol-lgd-lng-2026-02-01/lol-lgd-lng-2026-02-01_trades_subgraph.csv,ok,5225,LNG Esports,0.720000001904,2026-02-01T05:00:30+00:00,30,LNG Esports,0.74,2026-02-01T08:59:42+00:00,18,LNG Esports,0.999,2026-02-01T12:59:48+00:00,12
0x46f1e1d654efce8f9a10c8c9b6719856113e127e2106f78ed4a626b265cf40f4,LoL: Anyone's Legend vs Top Esports (BO3) - LPL Group Ascend,2026-02-01T12:25:00+00:00,/Users/angus/Desktop/polymarket_lol/data/lol-al-tes-2026-02-01/lol-al-tes-2026-02-01_trades_subgraph.csv,ok,2566,Anyone's Legend,0.7100000000000001,2026-02-01T08:27:28+00:00,148,Anyone's Legend,0.709999943199891,2026-02-01T12:25:00+00:00,0,Anyone's Legend,0.999,2026-02-01T16:23:14+00:00,106
0xc8491eb2e5955f0da136ccb56f992b9160ff70b3c4774275ee8da4ae4fd39943,LoL: LGD Gaming vs Oh My God (BO3) - LPL Group Nirvana,2026-02-02T09:00:00+00:00,/Users/angus/Desktop/polymarket_lol/data/lol-lgd-omg-2026-02-02/lol-lgd-omg-2026-02-02_trades_subgraph.csv,ok,9166,LGD Gaming,0.5399999999999999,2026-02-02T05:01:44+00:00,104,LGD Gaming,0.5299999999999999,2026-02-02T09:00:18+00:00,18,Oh My God,0.999,2026-02-02T12:50:10+00:00,590
0xd8d56b108aec02fd7b3b09caea1c795ee5a0ec11b93c25ea09782acd78e75dcd,LoL: Bilibili Gaming vs Weibo Gaming (BO3) - LPL Group Ascend,2026-02-02T12:00:00+00:00,/Users/angus/Desktop/polymarket_lol/data/lol-blg-wb-2026-02-02/lol-blg-wb-2026-02-02_trades_subgraph.csv,ok,4196,Bilibili Gaming,0.65,2026-02-02T08:00:34+00:00,34,Bilibili Gaming,0.6899999868899976,2026-02-02T11:59:54+00:00,6,Bilibili Gaming,0.9990000000000001,2026-02-02T15:49:26+00:00,634
0x67909c1a4597c0e6f68a79cb7e7ade5c76e53490443d389209e1d72cc72c23b8,LoL: Invictus Gaming vs JD Gaming (BO3) - LPL Group Ascend,2026-02-03T11:00:00+00:00,/Users/angus/Desktop/polymarket_lol/data/lol-ig1-jdg-2026-02-03/lol-ig1-jdg-2026-02-03_trades_subgraph.csv,ok,9479,JD Gaming,0.7100001334000721,2026-02-03T07:04:22+00:00,262,JD Gaming,0.7100000044466667,2026-02-03T11:00:00+00:00,0,JD Gaming,0.999,2026-02-03T14:59:24+00:00,36
0x0005b132e2afa642a8f5305150cd164d997ae896c7cee69ad840c7d9246560f7,LoL: EDward Gaming vs Team WE (BO3) - LPL Group Perseverance,2026-02-04T09:00:00+00:00,/Users/angus/Desktop/polymarket_lol/data/lol-edg-we-2026-02-04/lol-edg-we-2026-02-04_trades_subgraph.csv,ok,3757,EDward Gaming,0.5699999334999635,2026-02-04T05:01:34+00:00,94,EDward Gaming,0.58,2026-02-04T09:00:00+00:00,0,EDward Gaming,0.999,2026-02-04T12:59:12+00:00,48
0xea28942c2b2a3a84e8bf3714df5df49e080f62aaa9c3e998bd90fc8ecdb4dc27,LoL: Weibo Gaming vs Anyone's Legend (BO3) - LPL Group Ascend,2026-02-04T11:15:00+00:00,/Users/angus/Desktop/polymarket_lol/data/lol-wb-al-2026-02-04/lol-wb-al-2026-02-04_trades_subgraph.csv,ok,12294,Anyone's Legend,0.709999943199891,2026-02-04T07:16:02+00:00,62,Anyone's Legend,0.72,2026-02-04T11:15:00+00:00,0,Anyone's Legend,0.999,2026-02-04T15:12:40+00:00,140
0x2c93543929148219e7a3e58d185207de0776002b7ced7d516deae9b51cff52f1,LoL: Ninjas in Pyjamas vs ThunderTalk Gaming (BO3) - LPL Group Perseverance,2026-02-05T09:00:00+00:00,/Users/angus/Desktop/polymarket_lol/data/lol-nip-tt-2026-02-05/lol-nip-tt-2026-02-05_trades_subgraph.csv,ok,2188,Ninjas in Pyjamas,0.9000000000000001,2026-02-05T05:00:03+00:00,3,Ninjas in Pyjamas,0.8699999898160503,2026-02-05T08:59:57+00:00,3,Ninjas in Pyjamas,0.999,2026-02-05T12:59:23+00:00,37
0x3417f87cf5c12660fd23a79625b7409529c7c58a67b4f8740e653c9a26b13666,LoL: JD Gaming vs Top Esports (BO3) - LPL Group Ascend,2026-02-05T11:15:00+00:00,/Users/angus/Desktop/polymarket_lol/data/lol-jdg-tes-2026-02-05/lol-jdg-tes-2026-02-05_trades_subgraph.csv,ok,6327,JD Gaming,0.7100001334000721,2026-02-05T07:15:15+00:00,15,JD Gaming,0.7199999501729621,2026-02-05T11:15:01+00:00,1,Top Esports,0.9989999999999999,2026-02-05T15:09:59+00:00,301
0x2e17eb1a43f1e2cd5e5505ac423aeeabbc63bb1d3d28566d6d4bdf76ff847f16,LoL: Invictus Gaming vs Weibo Gaming (BO3) - LPL Group Ascend,2026-02-06T07:15:00+00:00,/Users/angus/Desktop/polymarket_lol/data/lol-ig1-wb-2026-02-06/lol-ig1-wb-2026-02-06_trades_subgraph.csv,ok,4325,Weibo Gaming,0.6599999691999963,2026-02-06T03:16:25+00:00,85,Weibo Gaming,0.6799999945599996,2026-02-06T07:15:05+00:00,5,Weibo Gaming,0.9990000000000001,2026-02-06T11:13:53+00:00,67
0x2af0037d45629554aae0360cff6b333051ec420087dfb940d6d89ccecb2fd33c,LoL: Anyone's Legend vs Bilibili Gaming (BO3) - LPL Group Ascend,2026-02-06T09:45:00+00:00,/Users/angus/Desktop/polymarket_lol/data/lol-al-blg-2026-02-06/lol-al-blg-2026-02-06_trades_subgraph.csv,ok,9788,Bilibili Gaming,0.52,2026-02-06T05:45:51+00:00,51,Bilibili Gaming,0.519999998336,2026-02-06T09:44:33+00:00,27,Anyone's Legend,0.999,2026-02-06T13:40:45+00:00,255
0x59c443a9092f398c196c9a52fb4f0ec2618dc8e7d8e20d32bbf9c938067e3b92,LoL: Ninjas in Pyjamas vs Team WE (BO3) - LPL Group Perseverance,2026-02-07T11:00:00+00:00,/Users/angus/Desktop/polymarket_lol/data/lol-nip-we-2026-02-07/lol-nip-we-2026-02-07_trades_subgraph.csv,ok,2454,Ninjas in Pyjamas,0.5399999980560001,2026-02-07T07:10:29+00:00,629,Ninjas in Pyjamas,0.5699999610499896,2026-02-07T10:59:55+00:00,5,Ninjas in Pyjamas,0.999,2026-02-07T14:57:15+00:00,165
0x8b2a0b1441fe063a8bc04219edece2227ec6129427551a3bacea312284f67196,LoL: Top Esports vs Team WE (BO5) - LPL Knights Rivals,2026-02-09T06:00:00+00:00,,trade_csv_not_found,0,,,,,,,,,,,,
0x4d20e9eccbe3ae7d76a1b04f06eb62f14d05be923c893f3df069fcbe55cddace,LoL: Invictus Gaming vs Ninjas in Pyjamas (BO5) - LPL Knights Rivals,2026-02-09T11:15:00+00:00,,trade_csv_not_found,0,,,,,,,,,,,,
0x1ddc70fb2ca2f73017d5401ff13486c1ee48b76d00bce06f776cb5e0b58c67e3,LoL: ThunderTalk Gaming vs LNG Esports (BO5) - LPL Knights Rivals,2026-02-10T06:10:00+00:00,/Users/angus/Desktop/polymarket_lol/data/lol-ig1-nip-2026-02-10/lol-ig1-nip-2026-02-10_trades_subgraph.csv,no_trade_in_window,0,,,,,,,,,,,,
0xdba0d06728496197e868790773a1f361ce5f10e34b9ed4eb51b9333f4e6ed166,LoL: EDward Gaming vs Oh My God (BO5) - LPL Knights Rivals,2026-02-10T09:20:00+00:00,/Users/angus/Desktop/polymarket_lol/data/lol-ig1-nip-2026-02-10/lol-ig1-nip-2026-02-10_trades_subgraph.csv,no_trade_in_window,0,,,,,,,,,,,,
0xe3545edfb8281cabba2514521695a522f34f102af7bafbe156aeefe6856c2fef,LoL: Invictus Gaming vs Oh My God (BO5) - LPL Knights Rivals,2026-02-11T06:00:00+00:00,/Users/angus/Desktop/polymarket_lol/data/lol-ig1-omg-2026-02-11/lol-ig1-omg-2026-02-11_trades_subgraph.csv,ok,5768,Invictus Gaming,0.6399999999999999,2026-02-11T02:00:01+00:00,1,Invictus Gaming,0.64,2026-02-11T06:00:09+00:00,9,Invictus Gaming,0.999,2026-02-11T09:56:43+00:00,197
0x8c1142ca08fc2a5419b0d85f3556c1b0c61cf5c3d2fe3aff9b7017686b18db14,LoL: Team WE vs LNG Esports (BO5) - LPL Knights Rivals,2026-02-11T09:10:00+00:00,/Users/angus/Desktop/polymarket_lol/data/lol-we-lng-2026-02-11/lol-we-lng-2026-02-11_trades_subgraph.csv,ok,10433,LNG Esports,0.6799999999999999,2026-02-11T05:10:25+00:00,25,LNG Esports,0.68,2026-02-11T09:09:49+00:00,11,Team WE,0.999,2026-02-11T13:09:13+00:00,47
0x2a55f576b406ce4e06175156a41d078ebd78b7afc9285df5658f6de253a7b4bc,LoL: JD Gaming vs Top Esports (BO5) - LPL Playoffs,2026-02-24T06:10:00+00:00,/Users/angus/Desktop/polymarket_lol/data/lol-jdg-tes-2026-02-24/lol-jdg-tes-2026-02-24_trades_subgraph.csv,ok,11634,JD Gaming,0.63,2026-02-24T02:10:02+00:00,2,JD Gaming,0.6299998214172329,2026-02-24T06:10:18+00:00,18,JD Gaming,0.51,2026-02-24T10:09:52+00:00,8
0xa978d3bee9a5c579c9482d619296fe8da08c05c90e973179b9d72c5450020b30,LoL: Anyone's Legend vs Team WE (BO5) - LPL Playoffs,2026-02-24T11:10:00+00:00,/Users/angus/Desktop/polymarket_lol/data/lol-al-we-2026-02-24/lol-al-we-2026-02-24_trades_subgraph.csv,ok,3694,Anyone's Legend,0.89,2026-02-24T07:11:04+00:00,64,Anyone's Legend,0.8799995071992903,2026-02-24T11:10:00+00:00,0,Anyone's Legend,0.9989999999999999,2026-02-24T15:09:56+00:00,4
0xb90b7c603d34d935ddd8b8e050ecfd32c0c545b8beaec640cd1a2a46b0f0e4ac,LoL: Weibo Gaming vs Invictus Gaming (BO5) - LPL Playoffs,2026-02-25T06:10:00+00:00,/Users/angus/Desktop/polymarket_lol/data/lol-wb-ig1-2026-02-25/lol-wb-ig1-2026-02-25_trades_subgraph.csv,ok,6052,Weibo Gaming,0.6899999997104895,2026-02-25T02:10:32+00:00,32,Weibo Gaming,0.71,2026-02-25T06:10:02+00:00,2,Weibo Gaming,0.999,2026-02-25T10:09:02+00:00,58
0x6214c30944cf42b678c447046b7cb9825c8acaae77278810b4a82ebf4307c5f6,LoL: Bilibili Gaming vs Ninjas in Pyjamas (BO5) - LPL Playoffs,2026-02-25T09:20:00+00:00,/Users/angus/Desktop/polymarket_lol/data/lol-blg-nip-2026-02-25/lol-blg-nip-2026-02-25_trades_subgraph.csv,ok,4636,Bilibili Gaming,0.8699999999999999,2026-02-25T05:23:14+00:00,194,Bilibili Gaming,0.8799999976765676,2026-02-25T09:19:48+00:00,12,Bilibili Gaming,0.999,2026-02-25T13:17:04+00:00,176
0x6ffbcf260f2d80240d0031df81cd9beacfc97b22aa5bd5a2c6d6ce3c1be73a75,LoL: JD Gaming vs Anyone's Legend (BO5) - LPL Playoffs,2026-02-26T09:00:00+00:00,/Users/angus/Desktop/polymarket_lol/data/lol-jdg-al-2026-02-26/lol-jdg-al-2026-02-26_trades_subgraph.csv,ok,8457,Anyone's Legend,0.7599999999999999,2026-02-26T05:02:28+00:00,148,Anyone's Legend,0.739999999778,2026-02-26T08:59:50+00:00,10,JD Gaming,0.5900000956667081,2026-02-26T13:00:00+00:00,0
0x1678e887403edd52c17dfca560b3e66ed089abc0fe52ac1bff1d4d0165a63f70,LoL: Weibo Gaming vs Bilibili Gaming (BO5) - LPL Playoffs,2026-02-27T09:00:00+00:00,/Users/angus/Desktop/polymarket_lol/data/lol-wb-blg-2026-02-27/lol-wb-blg-2026-02-27_trades_subgraph.csv,ok,5783,Bilibili Gaming,0.79,2026-02-27T05:00:40+00:00,40,Bilibili Gaming,0.7799999995319999,2026-02-27T09:00:21+00:00,21,Bilibili Gaming,0.999,2026-02-27T12:59:27+00:00,33
0x40474351e14321eacdbe4f102638f69787d352f841e35ebaa17b85d166ca713a,LoL: Top Esports vs Team WE (BO5) - LPL Playoffs,2026-02-28T09:00:00+00:00,/Users/angus/Desktop/polymarket_lol/data/lol-tes-we-2026-02-28/lol-tes-we-2026-02-28_trades_subgraph.csv,ok,2885,Top Esports,0.75,2026-02-28T05:00:39+00:00,39,Top Esports,0.74,2026-02-28T08:59:55+00:00,5,Top Esports,0.9989999999999999,2026-02-28T12:55:07+00:00,293
0xd3dd63b21b73e2a1bac42246bc452b6308c710d7974125be32db13c492e77b69,LoL: Invictus Gaming vs Ninjas in Pyjamas (BO5) - LPL Playoffs,2026-03-01T09:00:00+00:00,/Users/angus/Desktop/polymarket_lol/data/lol-ig1-nip-2026-03-01/lol-ig1-nip-2026-03-01_trades_subgraph.csv,ok,5964,Ninjas in Pyjamas,0.52,2026-03-01T05:00:21+00:00,21,Ninjas in Pyjamas,0.51,2026-03-01T09:00:03+00:00,3,Invictus Gaming,0.9989999999999999,2026-03-01T12:59:33+00:00,27
0xaaaa9edf4c6ba43e6ad09cf204864f5c9864a7f575945215826aa9e3ca8bb97e,LoL: Weibo Gaming vs Top Esports (BO5) - LPL Playoffs,2026-03-02T09:00:00+00:00,/Users/angus/Desktop/polymarket_lol/data/lol-wb-tes-2026-03-02/lol-wb-tes-2026-03-02_trades_subgraph.csv,ok,11511,Weibo Gaming,0.54,2026-03-02T05:00:27+00:00,27,Weibo Gaming,0.5399999999999999,2026-03-02T08:59:59+00:00,1,Weibo Gaming,0.6699999195999292,2026-03-02T12:59:59+00:00,1
0x495777e33fccba546f9014a64e8458c4f4d5e7f5d352240aec4cc3ab5cbce746,LoL: Anyone's Legend vs Invictus Gaming (BO5) - LPL Playoffs,2026-03-03T09:00:00+00:00,/Users/angus/Desktop/polymarket_lol/data/lol-al-ig1-2026-03-03/lol-al-ig1-2026-03-03_trades_subgraph.csv,ok,6433,Anyone's Legend,0.8999999999999999,2026-03-03T05:00:35+00:00,35,Anyone's Legend,0.9207920764728947,2026-03-03T08:59:27+00:00,33,Anyone's Legend,0.999,2026-03-03T12:58:33+00:00,87
0xe456668b9ab85e4fcb07abf011f4418fbed76407bf2a6576a0b467536b4f8705,LoL: JD Gaming vs Bilibili Gaming (BO5) - LPL Playoffs,2026-03-04T09:00:00+00:00,/Users/angus/Desktop/polymarket_lol/data/lol-jdg-blg-2026-03-04/lol-jdg-blg-2026-03-04_trades_subgraph.csv,ok,10508,Bilibili Gaming,0.7300000630000062,2026-03-04T05:00:57+00:00,57,Bilibili Gaming,0.7300001458000671,2026-03-04T09:00:03+00:00,3,Bilibili Gaming,0.6599998732799736,2026-03-04T12:59:53+00:00,7
0x0501bc5098a06e1a7e82f9361b3dd9eb3015ff97af7782b1fab5b467e11766d3,LoL: Weibo Gaming vs Anyone's Legend (BO5) - LPL Playoffs,2026-03-05T09:00:00+00:00,/Users/angus/Desktop/polymarket_lol/data/lol-wb-al-2026-03-05/lol-wb-al-2026-03-05_trades_subgraph.csv,ok,11876,Anyone's Legend,0.82,2026-03-05T05:00:17+00:00,17,Anyone's Legend,0.8099999999999999,2026-03-05T08:59:39+00:00,21,Weibo Gaming,0.999,2026-03-05T12:59:33+00:00,27
0x8c7b51ab43ea50d3323c2bfbeea0051a54491b4beed63f0a85045ff8c3442179,LoL: JD Gaming vs Weibo Gaming (BO5) - LPL Playoffs,2026-03-07T09:00:00+00:00,/Users/angus/Desktop/polymarket_lol/data/lol-jdg-wb-2026-03-07/lol-jdg-wb-2026-03-07_trades_subgraph.csv,ok,7197,JD Gaming,0.5299997172981489,2026-03-07T05:00:17+00:00,17,JD Gaming,0.5099998316998873,2026-03-07T08:59:57+00:00,3,JD Gaming,0.9989999999999999,2026-03-07T12:59:39+00:00,21
0x6a6276fdfc284ebd28ad1dc2b7c3769e07b9a99eef1880de530f6e207c45c8bf,LoL: Bilibili Gaming vs JD Gaming (BO5) - LPL Playoffs,2026-03-08T09:00:00+00:00,/Users/angus/Desktop/polymarket_lol/data/lol-blg-jdg-2026-03-08/lol-blg-jdg-2026-03-08_trades_subgraph.csv,ok,10092,Bilibili Gaming,0.7109997103706927,2026-03-08T05:00:49+00:00,49,Bilibili Gaming,0.7299999977019936,2026-03-08T08:59:59+00:00,1,Bilibili Gaming,0.9989999999999998,2026-03-08T12:59:15+00:00,45
